{
  "ASR_surrogate": 1.0,
  "mean_human_prob_surrogate": 0.9956496006250382,
  "CPTR_fast_detectgpt": 1.0,
  "Baseline_TNR_fast_detectgpt": 0.0,
  "CPTR_binoculars": 0.5,
  "Baseline_TNR_binoculars": 0.5,
  "baseline_TNR": 0.95,
  "BLEU": 0.0007592631414290678,
  "ROUGE_Lsum": 0.0160600559349072,
  "bertscore_P": 0.7673516869544983,
  "bertscore_R": 0.7710796594619751,
  "bertscore_F1": 0.7675043344497681,
  "style_mean_sentence_length": 22.117647171020508,
  "style_std_sentence_length": 40.3001708984375,
  "style_burstiness_coefficient": 1.8220821848094084,
  "style_type_token_ratio": 0.1296542553187179,
  "style_lexical_entropy": 5.187067913058196,
  "style_kl_burstiness": 1.861193344848659,
  "orig_style_mean_sentence_length": 31.571178436279297,
  "orig_style_std_sentence_length": 19.391416549682617,
  "orig_style_burstiness_coefficient": 0.6142126301265108,
  "orig_style_type_token_ratio": 0.18370073480283694,
  "orig_style_lexical_entropy": 6.344139416700814,
  "orig_style_kl_burstiness": 0.316888035002273
}