{
  "mean_len": 21.987300872802734,
  "std_len": 13.577605247497559,
  "lexical_entropy": 6.89763270322872,
  "max_sentence_length": 80,
  "n_bins": 25,
  "length_histogram": [
    0.027748211223509296,
    0.04903613032933802,
    0.07982969664700554,
    0.09928448938538789,
    0.10494648453645206,
    0.14140204600518375,
    0.093090296256678,
    0.08478209449454208,
    0.06878658861085689,
    0.05582165454432092,
    0.056501685293534894,
    0.03138489740408837,
    0.024229791260184826,
    0.018449529891866056,
    0.0145319614453073,
    0.013851930696093327,
    0.007790787061794872,
    0.005440245993859617,
    0.0042132339898431,
    0.003400153746217698,
    0.0034445035776881744,
    0.0017739932589668928,
    0.0018183430904373692,
    0.0013600614985757786,
    0.0070811897582672475
  ],
  "bin_edges": [
    0.0,
    3.2,
    6.4,
    9.600000000000001,
    12.8,
    16.0,
    19.200000000000003,
    22.400000000000002,
    25.6,
    28.8,
    32.0,
    35.2,
    38.400000000000006,
    41.6,
    44.800000000000004,
    48.0,
    51.2,
    54.400000000000006,
    57.6,
    60.800000000000004,
    64.0,
    67.2,
    70.4,
    73.60000000000001,
    76.80000000000001,
    80.0
  ]
}