{
  "mean_len": 19.920000076293945,
  "std_len": 12.520660400390625,
  "lexical_entropy": 5.496477502305123,
  "max_sentence_length": 80,
  "n_bins": 25,
  "length_histogram": [
    0.09333333315555556,
    0.04,
    0.09333333315555556,
    0.05333333328888889,
    0.13333333302222222,
    0.13333333302222222,
    0.09333333315555556,
    0.09333333315555556,
    0.05333333328888889,
    0.04,
    0.06666666657777778,
    0.04,
    0.013333333422222222,
    1.3333333288888888e-10,
    0.013333333422222222,
    1.3333333288888888e-10,
    0.02666666671111111,
    1.3333333288888888e-10,
    0.013333333422222222,
    1.3333333288888888e-10,
    1.3333333288888888e-10,
    1.3333333288888888e-10,
    1.3333333288888888e-10,
    1.3333333288888888e-10,
    1.3333333288888888e-10
  ],
  "bin_edges": [
    0.0,
    3.2,
    6.4,
    9.600000000000001,
    12.8,
    16.0,
    19.200000000000003,
    22.400000000000002,
    25.6,
    28.8,
    32.0,
    35.2,
    38.400000000000006,
    41.6,
    44.800000000000004,
    48.0,
    51.2,
    54.400000000000006,
    57.6,
    60.800000000000004,
    64.0,
    67.2,
    70.4,
    73.60000000000001,
    76.80000000000001,
    80.0
  ]
}